<?xml version='1.0'?>
<!DOCTYPE catalog PUBLIC "-//GlobalTransCorp//DTD XML Catalogs V1.0-Based Extension V1.0//EN"
    "http://globaltranscorp.org/oasis/catalog/xml/tr9401.dtd">

<catalog xmlns="urn:oasis:names:tc:entity:xmlns:xml:catalog"
         xmlns:soc="urn:oasis:names:tc:entity:xmlns:tr9401:catalog"
         xmlns:unk="urn:oasis:names:tc:entity:xmlns:unknown"
         >
<group prefer="public">
<!-- Oasis entity catalog for Extensible HTML 1.0 -->
<public publicId="-//W3C//DTD XHTML 1.0 Strict//EN" uri="xhtml1-strict.dtd"/>
<soc:dtddecl publicId="-//W3C//DTD XHTML 1.0 Strict//EN" uri="xhtml1.dcl"/>
<public publicId="-//W3C//DTD XHTML 1.0 Transitional//EN" uri="xhtml1-transitional.dtd"/>
<soc:dtddecl publicId="-//W3C//DTD XHTML 1.0 Transitional//EN" uri="xhtml1.dcl"/>
<public publicId="-//W3C//DTD XHTML 1.0 Frameset//EN" uri="xhtml1-frameset.dtd"/>
<soc:dtddecl publicId="-//W3C//DTD XHTML 1.0 Frameset//EN" uri="xhtml1.dcl"/>
<!-- ISO latin 1 entity set for Extensible HTML (XML 1.0 format) -->
<!-- The entities are stored in another directory -->
<!-- PUBLIC	"-//W3C//ENTITIES Latin 1 for XHTML//EN" "xhtml-lat1.ent" -->
<!-- PUBLIC	"-//W3C//ENTITIES Symbols for XHTML//EN" "xhtml-symbol.ent" -->
<!-- PUBLIC	"-//W3C//ENTITIES Special for XHTML//EN" "xhtml-special.ent" -->
<!-- Replaced by the DTDDECL above -->
<!-- SGMLDECL "xhtml1.dcl" -->
</group>
</catalog>
